{"eval/loss": 1.0429072380065918, "eval/runtime": 282.4429, "eval/samples_per_second": 1.342, "eval/steps_per_second": 1.342, "train/epoch": 3.0, "train/global_step": 1188, "_timestamp": 1713686068.982944, "_runtime": 3663.62699508667, "_step": 5, "train/loss": 0.4955, "train/learning_rate": 2.249372980073735e-06, "train/train_runtime": 3589.6092, "train/train_samples_per_second": 0.331, "train/train_steps_per_second": 0.331, "train/total_flos": 8.23393714176e+16, "train/train_loss": 0.8261889576510548, "_wandb": {"runtime": 4391}}