{"train/loss": 0.4687, "train/learning_rate": 1.1609696847927009e-07, "train/epoch": 3.0, "train/global_step": 7260, "_timestamp": 1713697874.2289164, "_runtime": 10323.530168294907, "_step": 17, "eval/loss": 0.6937411427497864, "eval/runtime": 879.1565, "eval/samples_per_second": 2.693, "eval/steps_per_second": 2.693, "train/train_runtime": 10234.2867, "train/train_samples_per_second": 0.709, "train/train_steps_per_second": 0.709, "train/total_flos": 1.9938837464064e+17, "train/train_loss": 0.7130843002277301, "_wandb": {"runtime": 10346}}